{"acc": 0.6991150442477876, "rec": 0.7164179104477612, "tn": 31, "fn": 19, "tp": 48, "fp": 15}