{"acc": 0.7168141592920354, "rec": 0.7014925373134329, "tn": 34, "fn": 20, "tp": 47, "fp": 12}