{"acc": 0.6991150442477876, "rec": 0.8095238095238095, "tn": 28, "fn": 12, "tp": 51, "fp": 22}