{"acc": 0.8407079646017699, "rec": 0.8955223880597015, "tn": 35, "fn": 7, "tp": 60, "fp": 11}