{"acc": 0.8495575221238938, "rec": 0.8888888888888888, "tn": 24, "fn": 9, "tp": 72, "fp": 8}