{"acc": 0.7787610619469026, "rec": 0.8253968253968254, "tn": 36, "fn": 11, "tp": 52, "fp": 14}