{"acc": 0.7345132743362832, "rec": 0.8507462686567164, "tn": 26, "fn": 10, "tp": 57, "fp": 20}