{"acc": 0.7433628318584071, "rec": 0.8656716417910447, "tn": 26, "fn": 9, "tp": 58, "fp": 20}