{"acc": 0.7787610619469026, "rec": 0.8507462686567164, "tn": 31, "fn": 10, "tp": 57, "fp": 15}