{"acc": 0.7787610619469026, "rec": 0.8805970149253731, "tn": 29, "fn": 8, "tp": 59, "fp": 17}