{"acc": 0.7876106194690266, "rec": 0.7936507936507936, "tn": 39, "fn": 13, "tp": 50, "fp": 11}