{"acc": 0.7964601769911505, "rec": 0.8571428571428571, "tn": 36, "fn": 9, "tp": 54, "fp": 14}