{"acc": 0.8495575221238938, "rec": 0.9253731343283582, "tn": 34, "fn": 5, "tp": 62, "fp": 12}