{"acc": 0.8230088495575221, "rec": 0.9047619047619048, "tn": 36, "fn": 6, "tp": 57, "fp": 14}