{"acc": 0.831858407079646, "rec": 0.9104477611940298, "tn": 33, "fn": 6, "tp": 61, "fp": 13}