{"acc": 0.831858407079646, "rec": 0.9206349206349206, "tn": 36, "fn": 5, "tp": 58, "fp": 14}