{"acc": 0.8407079646017699, "rec": 0.9552238805970149, "tn": 31, "fn": 3, "tp": 64, "fp": 15}