{"acc": 0.8495575221238938, "rec": 0.9552238805970149, "tn": 32, "fn": 3, "tp": 64, "fp": 14}