{"acc": 0.8584070796460177, "rec": 0.9012345679012346, "tn": 24, "fn": 8, "tp": 73, "fp": 8}