{"acc": 0.8141592920353983, "rec": 0.9402985074626866, "tn": 29, "fn": 4, "tp": 63, "fp": 17}