{"acc": 0.8407079646017699, "rec": 0.9402985074626866, "tn": 32, "fn": 4, "tp": 63, "fp": 14}