{"acc": 0.8495575221238938, "rec": 0.9206349206349206, "tn": 38, "fn": 5, "tp": 58, "fp": 12}